{
    "mean_face_attr": [
        0.8859442349534624,
        0.10986849777884584,
        0.0019160473233649396,
        0.0,
        0.0016610062870854995,
        0.48359422499865773,
        0.0003186540430188848,
        -0.003223478360784732,
        -0.0037115890805575606,
        -0.0013649688687564377
    ],
    "std_face_attr": [
        0.317878982481224,
        0.3127257759984791,
        0.043730722449905966,
        0.0,
        0.04072158328413781,
        0.7642076544724773,
        0.017848039181680667,
        0.4512724768710965,
        0.4494607374313992,
        0.4499260886852193
    ],
    "mean_edge_attr": [
        0.3035324745623818,
        0.6593215194179672,
        0.03714600601965091,
        0.5527907644976456,
        0.08814176698439265,
        0.03561724680968134,
        0.006790021504123327,
        0.0012543484588946557,
        0.0001538861660565648,
        0.9035944284280141,
        0.0012543484588946557,
        0.0001538861660565648
    ],
    "std_edge_attr": [
        0.45978311343984707,
        0.47393739404082746,
        0.18911948670587872,
        0.5869569768002859,
        0.283500962760162,
        0.18533391093098678,
        0.08212135599951025,
        0.03539456270087981,
        0.0124041317759619,
        0.29514663700542115,
        0.03539456270087981,
        0.0124041317759619
    ]
}